Model,MSE,RMSE
ARIMA,432.7111699549232,20.80171074587192
LSTM,219.4771888803807,14.814762532028
