treatment,hba1c_reduction,weight_change,cv_hr,renal_hr,hba1c_rank,weight_rank,cv_rank,renal_rank,overall_score,sucra
Combinations,-1.3061720756131154,-2.5422954013541235,0.7823725449334662,0.805976638863049,4.0,4.0,2.0,6.0,16.0,12.5
DPP-4i,-1.2675914810475089,-3.1121228903433886,0.759696429900135,0.7668969474717068,3.0,6.0,1.0,4.0,14.0,37.5
GLP-1RA,-1.1719023755930533,-2.419168918583328,0.8482871674306581,0.740395525496118,1.0,2.0,3.0,3.0,9.0,100.0
SGLT2i,-1.2326877531131208,-1.8527188905580079,0.8624855145629662,0.7694822527249493,2.0,1.0,4.0,5.0,12.0,62.5
TZD,-1.323621425305955,-2.4238985282402474,0.9029567481842454,0.7256525729301152,6.0,3.0,6.0,2.0,17.0,0.0
Tirzepatide,-1.3119242343337074,-2.6437821227887928,0.883628392148313,0.7206502372941505,5.0,5.0,5.0,1.0,16.0,12.5
